{
  "project_info": {
    "project_number": "771385530611",
    "project_id": "xtracker-c6c07",
    "storage_bucket": "xtracker-c6c07.appspot.com"
  },
  "client": [
    {
      "client_info": {
        "mobilesdk_app_id": "1:771385530611:android:11da83e9cc4305bc937f86",
        "android_client_info": {
          "package_name": "com.example.x_tracker_map"
        }
      },
      "oauth_client": [
        {
          "client_id": "771385530611-7rsjn004pmrk321g4llll3gm487fmjlv.apps.googleusercontent.com",
          "client_type": 1,
          "android_info": {
            "package_name": "com.example.x_tracker_map",
            "certificate_hash": "de8c6a2523167ef220ddf26501650416fa95d13c"
          }
        },
        {
          "client_id": "771385530611-9iupvpm4a71ub69j6nfqtk4aue1c03ve.apps.googleusercontent.com",
          "client_type": 3
        }
      ],
      "api_key": [
        {
          "current_key": "AIzaSyAeDR4yMPBlxmP144Tg4HsGD-mxaTa6JRU"
        }
      ],
      "services": {
        "appinvite_service": {
          "other_platform_oauth_client": [
            {
              "client_id": "771385530611-9iupvpm4a71ub69j6nfqtk4aue1c03ve.apps.googleusercontent.com",
              "client_type": 3
            }
          ]
        }
      }
    }
  ],
  "configuration_version": "1"
}